{
	"Personnes": [{
		"Prenom": "Antoine",
		"Nom": "Sellies",
		"Age": "32",

		"collegue": [{
			"Prenom": "Sebastien",
			"Nom": "Andary"
		}, {
			"Prenom": "Guillaume",
			"Nom": "Tallon"
		}, {
			"Prenom": "Tristan",
			"Nom": "Le Granché",
			"age": "31",
			"mail": "tristan @naturalpad.fr"
		}],
		"mail": "antoine @naturalpad.fr",
		"portable": "0651266552"
	}, 
	{
		"Prenom": "Ikram",
		"Nom": "Jendari",
		"Age": "22",
		
		"collegue": [{
			"Prenom": "Kevin",
			"Nom": "Des Courières",
			"Age": "23"
		}, {
			"Prenom": "Ponnaka",
			"Nom": "Tith",
			"Age": "26"
		}, {
			"Prenom": "Hugo",
			"Nom": "Deleglise",
			"Age": "24"
		}],
		"mail": "jendari.ikram@gmail.com"

	}]
}