<?xml version="1.0" encoding="UTF-8"?>  
<Personnes> 
<Personne id="1">
<Prenom>Antoine</Prenom>  
<Nom>Sellied</Nom> 
<Age>32</Age>
<Collegues>
<Collabo1>
<Prenom>Sebastien</Prenom>
<Nom>Andary</Nom>
</Collabo1>
<Collabo2>
<Prenom>Guillaume</Prenom>
<Nom>Tallon</Nom>
</Collabo2>
<Collabo3>
<Prenom>Tristant</Prenom>
<Nom>Le gaché</Nom>
<Age>31</Age>
<Mail>tristan@naturalpad.fr</Mail>
</Collabo3>
</Collegues>
<Mail>antoine@naturalpad.fr</Mail>
<portable>0651266552</portable>
</Personne>
<Personne id="2">
<Prenom>Ikram</Prenom>  
<Nom>Jendari</Nom> 
<Age>22</Age>
<Collegues>
<Collegue id="1">
<Prenom>Ponnaka</Prenom>  
<Nom>Tith</Nom> 
<Age>26</Age>
</Collegue>
<Collegue id="2">
<Prenom>Hugo</Prenom>  
<Nom>Deleglise</Nom> 
<Age>24</Age>
</Collegue>
<Collegue id="3">
<Prenom>Kevin</Prenom>  
<Nom>Des Courières</Nom> 
<Age>23</Age>
</Collegue>
</Collegues>
</Personne>
</Personnes>