<?xml version="1.0" encoding="UTF-8"?>
<contacts>
	<personne id="1">
		<nom>Deléglise</nom>
		<prenom>hugo</prenom>
		<age>24</age>
		<collaborateur id="1">
			<nom>Tith</nom>
			<prenom>ponnaka</prenom>
			<mail>ponnaka.tith@yahoo.fr</mail>
		</collaborateur>
		<collaborateur id="2">
			<nom>Jendari</nom>
			<prenom>ikram</prenom>
			<mail>jendari.ikram@gmail.com</mail>
		</collaborateur>
		<collaborateur id="3">
			<nom>Des Courières</nom>
			<prenom>kevin</prenom>
			<mail>descourieres.kevin@gmail.com</mail>
		</collaborateur>
		<mail>hugodeleglise30@gmail.com</mail>
		<telephone>0665284421</telephone>
	</personne>
</contacts>