<rdf:RDF xmlns:rdf="http://www.w3.org/1999/02/22-rdf-syntax-ns#"
         xmlns:foaf="http://xmlns.com/foaf/0.1/">
		 
	<foaf:Personnes>
		<foaf:personne id="1" >
		  <foaf:nom>Deleglise</foaf:nom>
		  <foaf:prenom>Hugo</foaf:prenom>
		  <foaf:age>24 ans</foaf:age>
		  <foaf:email>hugodeleglise30@gmail.com</foaf:email>
		</foaf:personne>
		
		<foaf:personne id="2" >
			<foaf:nom>Jendari</foaf:nom>
			<foaf:prenom>Ikram</foaf:prenom>
			<foaf:age>22 ans</foaf:age>
		</foaf:personne>
		
		<foaf:personne id="3" >
		  <foaf:nom>Tith</foaf:nom>
		  <foaf:prenom>Ponnaka</foaf:prenom>
		  <foaf:age>26 ans</foaf:age>
		</foaf:personne>
		
		<foaf:personne id="4" >
		  <foaf:nom>Des Courières</foaf:nom>
		  <foaf:prenom>Kevin</foaf:prenom>
		  <foaf:age>23 ans</foaf:age>
		</foaf:personne>
  
	</foaf:Personnes>
</rdf:RDF>